,0,1,2,3,4,5,6,7,8,9,10,11,12,13,14,15,16,17,18,19,20,21
0,1 day ago,,de_dust2,14:16,,,15,25,5,-10,33,58,0,0,0,0,0,0,0,0,0.69,View Match
1,Wed 5th Oct 22,,de_mirage,8:16,,,15,20,4,-5,53,79,0,0,0,0,0,0,0,0,0.92,View Match
2,Wed 5th Oct 22,,de_dust2,16:7,,,22,16,5,6,64,103,0,0,0,0,1,0,0,0,1.51,View Match
3,Wed 5th Oct 22,,de_cache,16:9,,,20,18,3,2,35,81,0,0,0,0,0,0,2,0,1.14,View Match
4,Wed 5th Oct 22,,de_tuscan,4:16,,,9,20,2,-11,56,48,0,0,0,0,0,0,0,0,0.45,View Match
5,Wed 5th Oct 22,,de_cache,15:15,,,16,23,6,-7,38,66,0,0,0,0,0,0,0,1,0.81,View Match
6,Wed 5th Oct 22,,de_dust2,8:8,,,10,12,3,-2,40,79,0,0,0,0,0,0,0,0,0.89,View Match
7,Wed 5th Oct 22,,de_mirage,12:16,,,16,21,8,-5,44,81,0,0,0,0,1,0,0,1,0.92,View Match
8,Wed 5th Oct 22,,de_dust2,10:16,,,16,21,2,-5,50,76,0,0,0,0,1,0,0,0,0.84,View Match
9,Wed 5th Oct 22,,de_inferno,16:10,,,19,17,3,2,26,67,0,0,0,0,0,0,0,0,1.17,View Match
10,Tue 4th Oct 22,,de_mirage,16:12,,,17,23,6,-6,29,77,0,0,0,0,0,0,0,0,0.92,View Match
11,Tue 4th Oct 22,,de_overpass,10:16,,,19,19,1,0,26,69,0,0,0,0,2,0,0,0,1.07,View Match
12,Tue 4th Oct 22,,de_mirage,11:16,,,10,23,8,-13,50,52,0,0,0,0,0,0,0,0,0.59,View Match
13,Tue 4th Oct 22,,de_dust2,16:5,,,27,12,3,15,37,121,0,0,1,0,2,0,1,1,1.91,View Match
14,Tue 4th Oct 22,,de_dust2,16:8,,,20,15,9,5,55,105,0,0,0,0,0,0,1,0,1.44,View Match
15,Tue 4th Oct 22,,de_overpass,14:16,,,10,22,5,-12,50,52,0,0,0,0,1,0,0,0,0.61,View Match
16,Sun 2nd Oct 22,,de_mirage,16:12,,,32,15,2,17,31,109,0,0,0,1,0,0,0,4,1.73,View Match
17,Sun 2nd Oct 22,,de_mirage,16:5,,,17,14,4,3,47,87,0,0,1,1,0,0,0,0,1.27,View Match
18,Sun 2nd Oct 22,,de_inferno,13:16,,,15,22,4,-7,33,60,0,0,0,0,0,0,0,1,0.82,View Match
19,Sat 1st Oct 22,,de_mirage,8:16,,,22,17,2,5,59,89,0,0,0,0,0,0,2,1,1.33,View Match
20,Sat 1st Oct 22,,de_inferno,16:9,,,14,20,3,-6,43,68,0,0,0,1,0,0,0,0,0.71,View Match
21,Sat 1st Oct 22,,de_dust2,16:10,,,19,16,2,3,26,60,0,0,0,1,0,0,0,1,1.13,View Match
22,Sat 1st Oct 22,,de_cache,4:9,,,12,10,2,2,42,109,0,0,0,0,0,0,0,1,1.38,View Match
23,Sat 1st Oct 22,,de_mirage,16:8,,,19,17,2,2,47,77,0,0,0,0,1,0,0,1,1.12,View Match
24,Sat 1st Oct 22,,de_mirage,16:6,,,18,11,1,7,22,73,0,0,0,0,0,0,0,1,1.35,View Match
25,Sat 1st Oct 22,,de_dust2,9:16,,,17,20,2,-3,35,71,0,0,0,0,0,0,0,1,0.96,View Match
26,Sat 1st Oct 22,,de_mirage,13:16,,,23,21,2,2,52,83,0,0,0,0,2,0,0,2,1.14,View Match
27,Sat 1st Oct 22,,de_dust2,15:15,,,33,16,8,17,30,111,0,0,1,1,0,0,1,3,1.7,View Match
28,Fri 30th Sep 22,,de_mirage,16:7,,,13,15,6,-2,54,65,0,0,1,0,0,0,1,0,1.05,View Match
29,Fri 30th Sep 22,,de_mirage,16:14,,,32,22,7,10,50,117,0,0,0,0,1,0,0,3,1.54,View Match
30,Fri 30th Sep 22,,de_inferno,1:16,,,5,17,0,-12,20,42,0,0,0,0,0,0,0,0,0.13,View Match
31,Fri 30th Sep 22,,de_mirage,4:9,,,9,11,0,-2,78,66,0,0,0,0,0,0,0,0,0.99,View Match
32,Fri 30th Sep 22,,de_overpass,16:11,,,17,17,3,0,59,69,0,0,0,0,0,0,0,0,1.02,View Match
33,Fri 30th Sep 22,,de_mirage,8:16,,,21,16,4,5,57,96,0,0,0,1,0,0,0,1,1.28,View Match
34,Wed 28th Sep 22,,de_overpass,13:16,,,20,21,2,-1,50,70,0,0,0,0,0,0,0,0,0.94,View Match
35,Wed 28th Sep 22,,de_dust2,13:16,,,21,20,4,1,52,91,0,0,0,0,0,0,0,1,1.14,View Match
36,Wed 28th Sep 22,,de_inferno,11:16,,,13,21,2,-8,38,61,0,0,0,0,0,0,0,0,0.68,View Match
37,Wed 28th Sep 22,,de_mirage,3:16,,,9,17,2,-8,56,62,0,0,0,0,0,0,0,0,0.63,View Match
38,Wed 28th Sep 22,,de_cache,11:16,,,14,19,0,-5,36,52,0,0,0,0,0,0,0,0,0.77,View Match
39,Tue 27th Sep 22,,de_cache,14:16,,,25,24,5,1,40,92,0,0,0,0,1,0,0,1,1.21,View Match
40,Tue 27th Sep 22,,de_dust2,16:12,,,28,15,4,13,39,97,0,0,0,1,1,0,0,2,1.55,View Match
41,Tue 27th Sep 22,,de_mirage,16:12,,,25,22,6,3,48,108,0,0,1,0,0,0,2,1,1.28,View Match
42,Tue 27th Sep 22,,de_overpass,16:13,,,18,22,4,-4,56,79,0,0,0,0,0,0,0,1,1,View Match
43,Tue 27th Sep 22,,de_dust2,11:16,,,21,24,6,-3,24,81,0,0,0,0,0,0,0,3,0.98,View Match
44,Tue 27th Sep 22,,de_inferno,16:9,,,22,16,5,6,55,107,0,0,0,0,0,0,1,0,1.35,View Match
45,Tue 27th Sep 22,,de_mirage,5:16,,,10,19,3,-9,40,63,0,0,0,0,0,0,0,0,0.6,View Match
46,Tue 27th Sep 22,,de_mirage,8:8,,,8,13,4,-5,50,74,0,0,0,0,0,0,0,0,0.83,View Match
47,Tue 27th Sep 22,,de_dust2,9:16,,,14,21,4,-7,29,68,0,0,0,1,1,0,0,1,0.75,View Match
48,Tue 27th Sep 22,,de_inferno,15:15,,,22,18,5,4,36,76,0,0,0,1,1,0,0,2,1.18,View Match
49,Tue 27th Sep 22,,de_mirage,16:9,,,15,13,1,2,13,61,0,0,0,0,0,0,0,0,0.98,View Match
50,Tue 27th Sep 22,,de_overpass,16:12,,,17,19,4,-2,41,69,0,0,0,1,1,0,0,1,0.91,View Match
51,Tue 27th Sep 22,,de_dust2,16:13,,,23,20,3,3,52,73,0,0,0,0,1,0,0,2,1.13,View Match
52,Sun 25th Sep 22,,de_overpass,15:15,,,10,18,4,-8,20,48,0,0,0,0,0,0,0,0,0.66,View Match
53,Sun 25th Sep 22,,de_dust2,4:16,,,4,20,6,-16,50,43,0,0,0,0,0,0,0,0,0.16,View Match
54,Sun 25th Sep 22,,de_inferno,16:6,,,17,13,3,4,53,86,0,0,0,0,0,0,0,0,1.31,View Match
55,Sun 25th Sep 22,,de_dust2,16:11,,,17,22,10,-5,41,96,0,0,0,0,0,0,0,1,1.07,View Match
56,Sun 25th Sep 22,,de_inferno,16:10,,,7,19,8,-12,57,56,0,0,0,0,0,0,0,0,0.48,View Match
57,Sun 25th Sep 22,,de_mirage,0:9,,,1,8,1,-7,100,20,0,0,0,0,0,0,0,0,0,View Match
58,Sun 25th Sep 22,,de_mirage,16:10,,,15,23,9,-8,53,79,0,0,0,0,0,0,0,0,0.95,View Match
59,Sun 25th Sep 22,,de_dust2,16:8,,,21,13,3,8,48,94,0,1,0,0,1,0,1,2,1.43,View Match
60,Sun 25th Sep 22,,de_mirage,15:15,,,29,20,2,9,21,88,0,0,0,0,1,0,1,2,1.37,View Match
61,Sun 25th Sep 22,,de_inferno,15:15,,,30,20,3,10,17,89,0,0,0,1,1,0,0,2,1.43,View Match
62,Sat 24th Sep 22,,de_mirage,15:15,,,14,18,5,-4,50,63,0,0,0,1,1,0,0,0,0.81,View Match
63,Sat 24th Sep 22,,de_dust2,15:15,,,20,21,4,-1,30,71,0,0,0,0,1,0,0,1,1.02,View Match
64,Fri 23rd Sep 22,,de_dust2,16:12,,,19,22,6,-3,58,88,0,0,0,0,0,0,0,1,1.06,View Match
65,Fri 23rd Sep 22,,de_inferno,16:14,,,30,23,5,7,57,111,0,0,0,1,0,0,0,2,1.46,View Match
66,Fri 23rd Sep 22,,de_dust2,9:16,,,18,21,4,-3,33,91,0,0,0,0,1,0,0,3,0.99,View Match
67,Fri 23rd Sep 22,,de_mirage,16:4,,,16,9,1,7,38,78,0,0,0,2,1,0,0,0,1.29,View Match
68,Fri 23rd Sep 22,,de_dust2,16:9,,,24,17,3,7,42,102,0,0,0,1,0,1,0,0,1.37,View Match
69,Fri 23rd Sep 22,,de_dust2,14:7,,,18,10,2,8,72,91,0,0,0,1,1,0,0,1,1.48,View Match
70,Fri 23rd Sep 22,,de_dust2,16:14,,,26,20,3,6,27,78,0,0,0,0,1,0,0,1,1.28,View Match
71,Fri 23rd Sep 22,,de_dust2,9:16,,,22,18,1,4,55,71,0,0,0,1,1,0,0,3,1.17,View Match
72,Thu 22nd Sep 22,,de_dust2,16:8,,,16,18,10,-2,50,97,0,0,0,0,0,0,0,1,1.24,View Match
73,Thu 22nd Sep 22,,de_mirage,16:3,,,14,14,5,0,43,84,0,0,0,1,1,0,0,0,1.22,View Match
74,Thu 22nd Sep 22,,de_dust2,13:16,,,24,21,3,3,58,98,0,0,0,0,1,0,1,2,1.17,View Match
75,Thu 15th Sep 22,,de_dust2,16:9,,,22,13,5,9,45,105,0,0,0,1,0,0,0,1,1.46,View Match
76,Thu 15th Sep 22,,de_mirage,15:15,,,22,20,5,2,59,86,0,0,0,0,0,0,0,1,1.1,View Match
77,Wed 14th Sep 22,,de_mirage,16:9,,,23,15,7,8,74,109,0,0,0,1,1,0,1,1,1.48,View Match
78,Wed 14th Sep 22,,de_mirage,11:16,,,14,21,5,-7,36,61,0,0,0,0,1,0,0,1,0.72,View Match
79,Wed 14th Sep 22,,de_inferno,13:16,,,24,23,4,1,46,81,0,0,0,0,1,0,0,1,1.19,View Match
80,Wed 14th Sep 22,,de_mirage,12:16,,,18,23,5,-5,11,73,0,0,0,0,1,0,0,1,0.88,View Match
81,Tue 13th Sep 22,,de_dust2,5:16,,,16,20,4,-4,44,90,0,0,0,0,0,0,0,2,1.05,View Match
82,Tue 13th Sep 22,,de_cache,10:16,,,11,23,6,-12,45,64,0,0,0,0,0,0,0,0,0.58,View Match
83,Tue 13th Sep 22,,de_overpass,16:4,,,14,15,4,-1,50,86,0,0,0,0,0,0,0,1,1.19,View Match
84,Tue 13th Sep 22,,de_mirage,16:3,,,22,11,2,11,50,121,0,0,0,0,0,1,0,0,1.78,View Match
85,Tue 13th Sep 22,,de_nuke,7:16,,,12,19,5,-7,25,67,0,0,0,1,1,0,0,2,0.63,View Match
86,Tue 13th Sep 22,,de_inferno,4:9,,,6,12,3,-6,67,59,0,0,0,0,0,0,0,0,0.58,View Match
87,Tue 13th Sep 22,,de_dust2,16:11,,,18,16,2,2,67,66,0,0,0,0,0,0,0,0,1.06,View Match
88,Tue 13th Sep 22,,de_mirage,16:11,,,16,18,4,-2,38,66,0,0,0,0,0,0,0,0,1.05,View Match
89,Tue 13th Sep 22,,de_dust2,9:1,,,6,6,3,0,67,86,0,0,0,0,0,0,0,0,1.16,View Match
90,Tue 13th Sep 22,,de_inferno,15:15,,,29,18,3,11,41,101,0,1,0,0,0,0,1,2,1.53,View Match
91,Tue 13th Sep 22,,de_inferno,16:12,,,24,17,2,7,42,87,0,0,0,0,1,0,0,1,1.35,View Match
92,Mon 12th Sep 22,,de_mirage,9:16,,,21,19,2,2,38,76,0,0,0,1,0,0,0,3,0.99,View Match
93,Mon 12th Sep 22,,de_cache,16:12,,,15,19,2,-4,40,67,0,0,0,0,0,0,0,0,0.86,View Match
94,Mon 12th Sep 22,,de_dust2,13:16,,,20,26,6,-6,30,88,0,0,0,0,0,0,0,1,1.04,View Match
95,Sun 11th Sep 22,,de_cache,16:8,,,20,12,7,8,35,102,0,0,0,0,0,0,0,1,1.46,View Match
96,Sun 11th Sep 22,,de_dust2,16:10,,,21,21,5,0,43,91,0,0,0,0,0,0,0,1,1.24,View Match
97,Sun 11th Sep 22,,de_cache,16:13,,,16,21,5,-5,63,62,0,0,0,0,0,0,0,1,0.85,View Match
98,Sat 10th Sep 22,,de_mirage,16:13,,,28,22,4,6,29,104,0,0,0,0,1,0,1,1,1.4,View Match
99,Sat 10th Sep 22,,de_dust2,16:8,,,16,15,3,1,19,75,0,0,0,0,0,0,0,1,1.08,View Match
100,Sat 10th Sep 22,,de_mirage,7:9,,,15,10,2,5,60,79,0,0,0,0,0,0,0,3,1.36,View Match
101,Sat 10th Sep 22,,de_inferno,10:16,,,18,24,2,-6,33,95,0,0,0,0,0,0,0,0,0.99,View Match
102,Sat 10th Sep 22,,de_dust2,16:6,,,15,14,7,1,60,84,0,0,0,0,0,0,0,1,1.22,View Match
103,Fri 9th Sep 22,,de_dust2,16:6,,,18,10,4,8,22,98,0,0,0,0,0,0,0,1,1.46,View Match
104,Fri 9th Sep 22,,de_inferno,7:16,,,22,19,1,3,50,109,0,0,0,0,0,0,0,3,1.32,View Match
105,Fri 9th Sep 22,,de_mirage,14:16,,,22,25,4,-3,27,87,0,0,0,0,0,0,1,2,0.99,View Match
106,Fri 9th Sep 22,,de_dust2,9:3,,,19,6,0,13,37,121,0,0,1,0,1,0,1,2,2.11,View Match
107,Fri 9th Sep 22,,de_dust2,4:9,,,10,12,4,-2,20,88,0,0,0,0,1,0,0,0,1.12,View Match
108,Fri 9th Sep 22,,de_cache,16:3,,,16,8,3,8,38,74,0,0,0,1,1,0,0,1,1.44,View Match
109,Fri 9th Sep 22,,de_mirage,8:8,,,11,14,3,-3,45,81,0,0,0,0,0,0,0,0,1.07,View Match
110,Fri 9th Sep 22,,de_inferno,8:8,,,20,11,0,9,50,113,0,0,0,1,3,0,0,2,1.69,View Match
111,Fri 9th Sep 22,,de_mirage,9:7,,,10,14,5,-4,20,82,0,0,0,0,0,0,0,0,0.89,View Match
112,Wed 7th Sep 22,,de_dust2,16:14,,,21,21,4,0,52,79,0,0,0,0,2,0,0,1,1.01,View Match
113,Wed 7th Sep 22,,de_inferno,16:8,,,18,16,4,2,39,85,0,0,0,0,0,0,0,0,1.2,View Match
114,Wed 7th Sep 22,,de_mirage,8:16,,,23,20,5,3,35,103,0,0,0,1,0,0,0,2,1.44,View Match
115,Wed 7th Sep 22,,de_dust2,16:10,,,24,19,3,5,38,95,0,0,0,0,0,0,1,0,1.33,View Match
116,Wed 7th Sep 22,,de_dust2,16:6,,,32,12,7,20,53,152,0,0,0,1,1,1,1,2,2.19,View Match
117,Wed 7th Sep 22,,de_dust2,9:3,,,10,6,4,4,30,85,0,0,0,0,0,0,0,1,1.44,View Match
118,Wed 7th Sep 22,,de_mirage,9:6,,,15,10,2,5,73,107,0,0,0,0,0,0,0,2,1.62,View Match
119,Wed 7th Sep 22,,de_overpass,9:1,,,10,7,3,3,20,84,0,0,0,0,0,0,0,1,1.37,View Match
120,Wed 7th Sep 22,,de_anubis,8:8,,,6,13,0,-7,33,42,0,0,0,2,0,0,0,0,0.37,View Match
121,Wed 7th Sep 22,,de_mirage,13:16,,,12,24,3,-12,58,61,0,0,0,0,0,0,0,0,0.59,View Match
122,Wed 7th Sep 22,,de_dust2,16:10,,,22,13,3,9,41,89,0,0,0,0,0,0,1,0,1.45,View Match
123,Wed 7th Sep 22,,de_mirage,9:16,,,16,18,4,-2,63,76,0,0,0,0,1,0,0,1,1.02,View Match
124,Wed 7th Sep 22,,cs_office,2:16,,,13,16,2,-3,38,83,0,0,0,0,0,0,0,1,0.94,View Match
125,Wed 7th Sep 22,,de_dust2,16:14,,,12,23,7,-11,50,65,0,0,0,0,0,0,0,0,0.72,View Match
126,Wed 7th Sep 22,,de_train,16:6,,,13,16,5,-3,46,85,0,0,1,1,1,0,0,0,1.05,View Match
127,Tue 6th Sep 22,,de_dust2,8:16,,,16,17,3,-1,31,80,0,0,0,0,1,0,0,0,0.99,View Match
128,Tue 6th Sep 22,,de_mirage,15:15,,,21,23,10,-2,24,90,0,0,0,0,0,0,0,0,1.22,View Match
129,Tue 6th Sep 22,,de_cache,7:16,,,14,17,1,-3,21,60,0,0,0,0,0,0,0,0,0.9,View Match
130,Tue 6th Sep 22,,de_mirage,16:5,,,26,11,4,15,42,124,0,0,0,0,0,0,0,3,1.98,View Match
131,Tue 6th Sep 22,,de_cache,12:16,,,17,19,5,-2,71,75,0,0,0,0,1,0,0,1,0.98,View Match
132,Fri 2nd Sep 22,,de_dust2,16:10,,,21,13,4,8,52,94,0,0,0,0,0,0,0,1,1.35,View Match
133,Fri 2nd Sep 22,,de_inferno,11:16,,,13,23,5,-10,31,57,0,0,0,0,0,0,0,0,0.69,View Match
134,Fri 2nd Sep 22,,de_dust2,13:16,,,20,24,9,-4,40,93,0,0,0,0,1,0,0,0,1.08,View Match
135,Fri 2nd Sep 22,,de_mirage,9:7,,,10,11,5,-1,20,82,0,0,0,1,0,0,0,1,1.04,View Match
136,Fri 2nd Sep 22,,de_inferno,9:2,,,16,5,0,11,31,102,0,0,0,0,1,0,0,3,2.01,View Match
137,Fri 2nd Sep 22,,de_mirage,9:2,,,9,7,2,2,67,65,0,0,0,0,0,0,0,1,1.19,View Match
138,Fri 2nd Sep 22,,de_dust2,6:9,,,8,10,2,-2,38,60,0,0,0,1,1,0,0,0,0.91,View Match
139,Fri 2nd Sep 22,,de_dust2,9:7,,,20,11,3,9,35,114,0,0,0,0,1,0,1,2,1.76,View Match
140,Fri 2nd Sep 22,,de_vertigo,9:6,,,11,11,3,0,36,86,0,0,0,0,0,0,0,0,1.24,View Match
141,Fri 2nd Sep 22,,de_mirage,12:16,,,25,21,5,4,48,96,0,0,0,0,0,0,0,2,1.24,View Match
142,Fri 2nd Sep 22,,de_dust2,16:8,,,11,17,6,-6,18,64,0,0,0,0,0,0,0,0,0.8,View Match
143,Thu 1st Sep 22,,de_mirage,11:16,,,17,23,2,-6,53,71,0,0,0,0,0,0,0,1,0.8,View Match
144,Thu 1st Sep 22,,de_ancient,2:16,,,11,17,2,-6,36,63,0,0,0,0,0,0,0,0,0.71,View Match
145,Thu 1st Sep 22,,de_vertigo,13:16,,,20,24,7,-4,45,95,0,0,0,0,0,0,0,2,1.03,View Match
146,Thu 1st Sep 22,,de_dust2,16:12,,,26,16,4,10,23,80,0,0,0,2,0,0,1,1,1.47,View Match
147,Thu 1st Sep 22,,de_mirage,16:2,,,16,8,4,8,31,86,0,0,0,0,0,0,2,0,1.55,View Match
148,Thu 1st Sep 22,,de_dust2,15:15,,,31,22,5,9,35,106,0,0,0,1,0,0,0,2,1.44,View Match
149,Thu 1st Sep 22,,de_dust2,14:16,,,17,24,4,-7,29,77,0,0,0,0,0,0,0,2,0.85,View Match
150,Thu 1st Sep 22,,de_dust2,9:16,,,18,18,2,0,50,77,0,0,0,0,1,0,1,1,0.94,View Match
151,Thu 1st Sep 22,,de_overpass,11:16,,,23,22,7,1,52,99,0,0,0,0,0,0,0,3,1.31,View Match
152,Wed 31st Aug 22,,de_dust2,6:16,,,17,19,1,-2,53,89,0,0,0,0,0,0,1,0,1.06,View Match
153,Wed 31st Aug 22,,de_vertigo,8:16,,,23,18,6,5,52,99,0,0,0,2,1,1,0,2,1.36,View Match
154,Wed 31st Aug 22,,de_mirage,15:15,,,21,23,5,-2,67,82,0,0,0,0,0,0,1,1,1.03,View Match
155,Wed 31st Aug 22,,de_mirage,4:16,,,13,17,1,-4,62,71,0,0,0,0,0,0,0,1,0.77,View Match
156,Wed 31st Aug 22,,de_overpass,16:8,,,27,15,3,12,33,122,0,0,0,1,0,0,0,2,1.66,View Match
157,Wed 31st Aug 22,,de_dust2,12:16,,,22,22,1,0,36,90,0,0,0,1,1,0,0,1,1.22,View Match
158,Wed 31st Aug 22,,de_inferno,15:15,,,29,23,3,6,24,91,0,0,0,1,1,0,1,4,1.33,View Match
159,Wed 31st Aug 22,,de_inferno,10:16,,,23,19,3,4,26,92,0,0,0,0,0,0,0,2,1.23,View Match
160,Wed 31st Aug 22,,de_mirage,16:11,,,19,18,7,1,32,92,0,0,0,0,1,0,0,0,1.24,View Match
161,Wed 31st Aug 22,,de_mirage,16:10,,,27,14,5,13,48,116,0,0,0,0,0,0,0,2,1.66,View Match
162,Wed 31st Aug 22,,de_dust2,8:16,,,24,19,2,5,67,113,0,1,0,0,1,0,3,0,1.31,View Match
163,Wed 31st Aug 22,,de_dust2,16:5,,,18,9,3,9,44,70,0,0,0,1,0,0,0,1,1.48,View Match
164,Tue 30th Aug 22,,de_mirage,6:9,,,10,10,5,0,40,86,0,0,0,1,0,0,0,0,1.13,View Match
165,Tue 30th Aug 22,,de_cache,9:7,,,11,12,2,-1,36,78,0,0,0,0,2,0,0,0,0.98,View Match
166,Tue 30th Aug 22,,de_dust2,7:9,,,9,13,4,-4,56,90,0,0,0,0,0,0,0,1,0.84,View Match
167,Tue 30th Aug 22,,de_overpass,0:9,,,4,9,1,-5,75,53,0,0,0,0,0,0,0,0,0.5,View Match
168,Mon 29th Aug 22,,de_inferno,13:16,,,18,24,4,-6,39,79,0,0,0,0,0,0,0,0,0.88,View Match
169,Mon 29th Aug 22,,de_mirage,16:14,,,23,22,6,1,43,78,0,0,0,1,1,0,0,1,1.12,View Match
170,Mon 29th Aug 22,,de_dust2,12:16,,,23,25,5,-2,35,91,0,0,0,0,0,0,1,1,1.05,View Match
171,Mon 29th Aug 22,,de_inferno,11:16,,,16,22,5,-6,63,64,0,0,0,0,0,0,0,0,0.88,View Match
172,Sun 28th Aug 22,,de_inferno,16:12,,,26,20,5,6,27,99,0,0,0,0,0,0,0,1,1.37,View Match
173,Sun 28th Aug 22,,de_mirage,16:7,,,21,18,4,3,33,96,0,0,0,0,0,0,0,3,1.24,View Match
174,Sun 28th Aug 22,,de_dust2,16:13,,,28,19,4,9,21,88,0,0,0,1,5,0,0,2,1.4,View Match
175,Sat 27th Aug 22,,de_dust2,15:15,,,13,23,5,-10,46,54,0,0,0,0,0,0,0,0,0.66,View Match
176,Sat 27th Aug 22,,de_inferno,16:14,,,22,20,4,2,50,85,0,0,1,1,1,0,0,2,1.14,View Match
177,Sat 27th Aug 22,,de_mirage,16:9,,,19,18,4,1,47,86,0,0,0,0,1,0,1,1,1.13,View Match
178,Sat 27th Aug 22,,de_mirage,11:16,,,20,22,6,-2,35,88,0,0,0,0,0,0,1,0,1.15,View Match
179,Thu 4th Aug 22,,de_inferno,5:16,,,17,17,3,0,24,91,0,0,0,0,1,0,0,3,1.06,View Match
180,Thu 4th Aug 22,,de_inferno,5:16,,,16,18,2,-2,44,85,0,0,0,0,0,0,0,1,1.04,View Match
181,Thu 4th Aug 22,,de_cache,15:15,,,26,20,4,6,42,90,0,0,0,1,0,0,0,1,1.3,View Match
182,Wed 3rd Aug 22,,de_inferno,5:16,,,15,17,3,-2,27,76,0,0,0,0,1,0,0,1,1.03,View Match
183,Wed 3rd Aug 22,,de_inferno,16:12,,,19,21,11,-2,32,88,0,0,0,0,0,0,0,1,1.12,View Match
184,Tue 2nd Aug 22,,de_mirage,6:9,,,13,12,4,1,23,122,0,0,0,0,0,0,0,1,1.35,View Match
185,Sun 31st Jul 22,,de_dust2,16:10,,,27,16,7,11,30,104,0,0,0,0,1,0,0,2,1.62,View Match
186,Fri 29th Jul 22,,de_dust2,16:6,,,13,11,4,2,38,61,0,0,0,0,0,0,0,1,1.19,View Match
187,Fri 29th Jul 22,,de_inferno,16:11,,,19,14,3,5,37,74,0,1,0,0,0,0,1,0,1.16,View Match
188,Fri 29th Jul 22,,de_mirage,10:16,,,20,20,8,0,40,89,0,0,1,0,0,0,1,1,1.2,View Match
189,Thu 28th Jul 22,,de_inferno,15:15,,,9,26,6,-17,33,46,0,0,0,0,0,0,0,0,0.44,View Match
190,Thu 28th Jul 22,,de_mirage,11:16,,,16,20,6,-4,56,87,0,0,0,0,0,0,0,2,0.95,View Match
191,Thu 28th Jul 22,,de_mirage,9:16,,,25,19,4,6,28,107,0,0,0,0,0,0,0,2,1.39,View Match
192,Wed 27th Jul 22,,de_dust2,16:13,,,21,20,12,1,38,99,0,0,0,0,0,0,0,3,1.29,View Match
193,Wed 27th Jul 22,,de_mirage,7:16,,,21,18,1,3,43,90,0,0,0,0,1,0,0,2,1.18,View Match
194,Tue 26th Jul 22,,de_mirage,6:16,,,14,18,7,-4,43,79,0,0,0,0,1,0,0,1,0.93,View Match
195,Tue 26th Jul 22,,de_overpass,16:5,,,15,17,2,-2,53,81,0,0,1,0,0,0,0,1,1.05,View Match
196,Tue 26th Jul 22,,de_inferno,10:16,,,17,20,4,-3,65,65,0,0,0,0,1,0,0,0,0.98,View Match
197,Sun 24th Jul 22,,de_dust2,16:13,,,20,17,5,3,25,82,0,0,0,0,0,0,0,1,1.21,View Match
198,Sun 24th Jul 22,,de_cache,16:12,,,20,18,1,2,25,64,0,0,0,0,1,0,0,1,1.07,View Match
199,Sun 24th Jul 22,,de_cache,8:16,,,12,20,2,-8,50,72,0,0,0,0,0,0,0,0,0.75,View Match
200,Sun 24th Jul 22,,de_inferno,16:8,,,16,13,2,3,38,59,0,0,0,0,0,0,0,0,1.1,View Match
201,Wed 20th Jul 22,,de_dust2,16:11,,,14,18,4,-4,36,56,0,0,0,0,0,0,0,0,0.81,View Match
202,Wed 20th Jul 22,,de_cache,11:16,,,14,23,9,-9,21,88,0,0,0,1,1,0,0,1,0.87,View Match
203,Wed 20th Jul 22,,de_inferno,10:16,,,11,22,1,-11,36,47,0,0,0,0,1,0,0,0,0.59,View Match
204,Tue 19th Jul 22,,de_mirage,16:12,,,15,23,5,-8,27,68,0,0,0,0,0,0,0,1,0.8,View Match
205,Tue 19th Jul 22,,de_dust2,15:15,,,11,22,6,-11,36,49,0,0,0,1,0,0,0,1,0.63,View Match
206,Tue 19th Jul 22,,de_inferno,15:15,,,19,22,5,-3,42,74,0,0,0,0,2,0,0,1,1.01,View Match
207,Thu 7th Jul 22,,de_cache,3:16,,,15,16,1,-1,33,67,0,0,0,0,0,0,0,1,0.94,View Match
208,Wed 6th Jul 22,,de_mirage,6:16,,,16,18,0,-2,50,67,0,0,0,0,0,0,0,1,0.84,View Match
209,Tue 5th Jul 22,,de_inferno,8:16,,,15,16,5,-1,13,67,0,0,0,0,0,0,0,1,1.04,View Match
210,Tue 5th Jul 22,,de_dust2,16:7,,,12,15,3,-3,17,58,0,0,0,0,1,0,0,0,0.85,View Match
211,Tue 5th Jul 22,,de_dust2,16:12,,,18,18,7,0,44,71,0,0,0,0,2,0,0,1,1.11,View Match
212,Sun 3rd Jul 22,,de_mirage,16:2,,,26,5,2,21,50,121,1,0,0,0,1,0,1,4,2.3,View Match
213,Sun 3rd Jul 22,,de_dust2,16:11,,,24,19,3,5,38,94,0,0,0,1,0,0,1,2,1.37,View Match
214,Sat 2nd Jul 22,,de_inferno,16:10,,,15,18,8,-3,67,72,0,0,0,0,1,0,0,0,1.05,View Match
215,Sat 2nd Jul 22,,de_mirage,16:10,,,17,17,6,0,29,73,0,0,0,0,0,0,0,2,1.11,View Match
216,Sat 2nd Jul 22,,de_mirage,16:7,,,13,16,7,-3,46,77,0,0,0,0,0,0,0,0,1,View Match
217,Fri 1st Jul 22,,de_mirage,11:16,,,15,18,4,-3,27,69,0,0,0,1,0,0,1,0,0.89,View Match
218,Fri 1st Jul 22,,de_cache,6:16,,,22,16,2,6,32,103,0,0,0,0,0,0,0,1,1.38,View Match
219,Thu 30th Jun 22,,de_mirage,10:16,,,21,18,1,3,33,54,0,0,0,1,1,0,0,2,1,View Match
220,Sun 26th Jun 22,,de_mirage,16:14,,,24,18,5,6,46,85,0,0,0,0,0,0,0,2,1.34,View Match
221,Sun 26th Jun 22,,de_dust2,3:16,,,14,18,1,-4,36,91,0,0,0,0,0,0,1,0,0.96,View Match
222,Sat 25th Jun 22,,de_dust2,16:10,,,19,22,4,-3,47,96,0,0,0,0,2,0,0,1,1.02,View Match
223,Sat 25th Jun 22,,de_overpass,6:16,,,17,19,1,-2,41,77,0,0,0,0,0,0,0,0,1.03,View Match
224,Sat 25th Jun 22,,cs_office,2:16,,,6,17,1,-11,50,40,0,0,0,0,0,0,0,0,0.18,View Match
225,Sat 25th Jun 22,,de_mirage,14:16,,,20,21,0,-1,45,77,0,0,0,0,0,0,0,1,1.03,View Match
226,Sat 25th Jun 22,,de_mirage,10:16,,,16,24,5,-8,38,75,0,0,0,0,1,0,1,0,0.85,View Match
227,Tue 21st Jun 22,,de_inferno,16:11,,,17,19,5,-2,53,73,0,0,0,1,0,0,0,1,0.92,View Match
228,Mon 20th Jun 22,,de_dust2,13:16,,,11,22,3,-11,36,44,0,0,0,0,0,0,0,0,0.54,View Match
229,Mon 20th Jun 22,,de_dust2,15:15,,,17,20,3,-3,65,52,0,0,0,0,0,0,0,1,0.91,View Match
230,Mon 20th Jun 22,,de_dust2,16:8,,,9,13,4,-4,67,52,0,0,0,0,1,0,0,0,0.84,View Match
231,Mon 20th Jun 22,,de_dust2,16:12,,,12,20,1,-8,42,48,0,0,0,0,0,0,0,0,0.66,View Match
232,Sun 19th Jun 22,,de_mirage,12:16,,,13,24,6,-11,31,53,0,0,0,1,0,0,0,1,0.7,View Match
233,Sun 19th Jun 22,,de_dust2,3:16,,,2,18,1,-16,50,28,0,0,0,0,0,0,0,0,-0.1,View Match
234,Sun 19th Jun 22,,de_dust2,16:11,,,7,16,1,-9,57,29,0,0,0,0,1,0,0,0,0.59,View Match
235,Thu 1st Mar 18,,de_dust2,16:12,,,21,17,5,4,43,76,0,0,0,1,0,0,0,2,1.13*,View Match
236,Fri 5th May 17,,de_mirage,6:16,,,11,19,3,-8,27,60,0,0,0,0,0,0,0,0,0.58*,View Match
